sc_target,total_tc_slicing,slice_num_slicing,total_tc,slice_num
32,50.62604054943845,64.0,49.71121414503582,4
30,53.79614995299482,2048.0,47.752942271190605,15
28,56.2505857836356,65536.0,47.49180584895801,101
26,60.52034897904085,4.194304e6,48.02986520145318,746
24,64.46552751373525,2.68435456e8,49.12009135096374,9210
