sc_target,total_tc_slicing,slice_num_slicing,total_tc,slice_num
30,53.79614995299482,2048.0,47.67232415268435,14
28,56.2505857836356,65536.0,47.68384682661817,89
