sc_target,total_tc_slicing,slice_num_slicing,total_tc,slice_num
30,53.79614995299482,2048.0,47.41526535221883,18
28,56.2505857836356,65536.0,47.96274857521537,109
