sc_target,total_tc_slicing,slice_num_slicing,total_tc,slice_num
30,53.79614995299482,2048.0,47.67232415268435,14
28,56.2505857836356,65536.0,47.68384682661817,89
26,60.52034897904085,4.194304e6,46.63191271677236,295
24,64.46552751373525,2.68435456e8,47.48828999690525,2807
