sc_target,total_tc_slicing,slice_num_slicing,total_tc,slice_num
30,44.19193891193964,64.0,43.47691776813837,7
28,44.155604205940016,256.0,40.02744107675339,3
26,44.17289984254676,1024.0,40.17437236755207,38
24,45.180952170433315,8192.0,38.93041575788511,97
22,44.18990390077643,16384.0,37.167511919885584,134
20,44.301258266939,65536.0,35.73363472881467,351
