sc_target,total_tc_slicing,slice_num_slicing,total_tc,slice_num
30,44.19193891193964,64.0,43.97643961683185,13
28,44.155604205940016,256.0,43.771776047932114,54
26,44.17289984254676,1024.0,43.139013312331606,196
24,45.180952170433315,8192.0,42.38019595455539,1143
22,44.18990390077643,16384.0,42.11602466339327,4790
20,44.301258266939,65536.0,41.64469418887291,19073
