sc_target,total_tc_slicing,slice_num_slicing,total_tc,slice_num
32,44.20140150871354,16.0,44.82481630625451,5
30,44.19193891193964,64.0,44.02561349715333,15
28,44.155604205940016,256.0,43.51370387730729,55
26,44.17289984254676,1024.0,43.489278395956894,227
24,45.180952170433315,8192.0,42.68986120192991,1155
22,44.18990390077643,16384.0,42.581053275112176,4156
