sc_target,total_tc_slicing,slice_num_slicing,total_tc,slice_num
32,44.20140150871354,16.0,44.823620011553416,4
30,44.19193891193964,64.0,43.644806486579405,14
28,44.155604205940016,256.0,43.33878795733645,36
26,44.17289984254676,1024.0,42.984279068929204,129
24,45.180952170433315,8192.0,42.23870294175679,798
22,44.18990390077643,16384.0,41.269405745748244,2401
