sc_target,total_tc_slicing,slice_num_slicing,total_tc,slice_num
32,50.62604054943845,64.0,49.71121414503582,4
30,53.79614995299482,2048.0,47.773108361801846,14
28,56.2505857836356,65536.0,47.596629182291956,92
26,60.52034897904085,4.194304e6,48.064747815439986,790
