sc_target,total_tc_slicing,slice_num_slicing,total_tc,slice_num
32,44.20140150871354,16.0,44.82476961423142,5
30,44.19193891193964,64.0,44.02020436551867,13
28,44.155604205940016,256.0,43.55373394457716,57
26,44.17289984254676,1024.0,43.53284506477375,243
24,45.180952170433315,8192.0,43.18315534363676,1194
