sc_target,total_tc_slicing,slice_num_slicing,total_tc,slice_num
30,44.19193891193964,64.0,45.01374165089444,14
28,44.155604205940016,256.0,44.88660767534084,72
26,44.17289984254676,1024.0,44.388715009121796,533
24,45.180952170433315,8192.0,44.484941663108714,1657
22,44.18990390077643,16384.0,44.341348236381826,11489
