sc_target,total_tc_slicing,slice_num_slicing,total_tc,slice_num
30,44.19193891193964,64.0,44.97029389106391,17
28,44.155604205940016,256.0,44.97144002376008,94
26,44.17289984254676,1024.0,45.16394236922407,467
24,45.180952170433315,8192.0,44.7617669561443,2814
