sc_target,total_tc_slicing,slice_num_slicing,total_tc,slice_num
22,30.27507536918817,8.0,26.654632204789525,1
20,30.31013911298228,32.0,24.771243619622705,1
18,30.87245432643644,128.0,21.830847853526272,1
16,30.813503301641024,512.0,20.492946522102724,1
14,30.692516748890302,2048.0,18.719041154582108,1
12,31.059006395201106,8192.0,16.138751765258174,1
