sc_target,total_tc_slicing,slice_num_slicing,total_tc,slice_num
22,30.406069769261673,8.0,28.61326643705485,4
20,31.417206214225164,32.0,26.659989266512095,4
18,30.556945561670563,128.0,25.850559735784383,11
16,30.804838834303336,512.0,23.190614124809233,7
14,30.60027772549545,2048.0,22.006911224579987,10
12,30.960494108038052,8192.0,21.422455441809124,26
