sc_target,total_tc_slicing,slice_num_slicing,total_tc,slice_num
22,30.27507536918817,8.0,30.111987215045637,8
20,30.31013911298228,32.0,30.325790286942315,34
18,30.87245432643644,128.0,30.52587668201198,165
16,30.813503301641024,512.0,30.646042754065146,670
